Python,Mathematics,Data_Analysis,Communication,Web_Development,Career
9,9,9,6,3,Data Scientist
8,9,8,5,2,AI/ML Engineer
9,8,8,7,3,Data Scientist
8,7,7,8,4,Software Developer
9,6,5,8,3,Software Developer
8,7,4,9,4,Software Developer
7,5,3,8,9,Web Developer
6,5,2,9,10,Web Developer
8,6,4,8,9,Web Developer
8,9,7,5,2,AI/ML Engineer
9,10,8,6,2,AI/ML Engineer
8,8,6,6,3,AI/ML Engineer
7,8,3,5,2,Cyber Security Analyst
8,7,4,6,3,Cyber Security Analyst
7,9,3,5,2,Cyber Security Analyst
9,9,9,7,3,Data Scientist
8,6,3,9,8,Web Developer
9,7,5,8,4,Software Developer
8,10,8,6,2,AI/ML Engineer
7,8,4,6,2,Cyber Security Analyst